"","useBLStraw","country","penalty","rmcorcols","smooth","smoothbasisdim","use_umd","use_ccfr","use_nsum","mnlag","lag","saeForeMedian","saeForeHighNotch","saeSyncMedian","saeSyncHighNotch"
"1",FALSE,"PT",FALSE,FALSE,FALSE,NA,FALSE,FALSE,0,7,1,1.92065612019652,2.70824056061578,1.94699052600185,3.18404307573843
"2",FALSE,"PT",FALSE,FALSE,FALSE,NA,FALSE,FALSE,0,7,2,1.24371624855653,2.01977175819159,1.22580363778902,2.01537649761133
"3",FALSE,"PT",FALSE,FALSE,FALSE,NA,FALSE,FALSE,0,7,3,0.979903064259534,1.46073984816447,2.53672903672904,3.39649351413482
"4",FALSE,"PT",FALSE,FALSE,FALSE,NA,FALSE,FALSE,0,7,4,1.06449180863656,1.85787408743023,2.08523758597356,3.14162235851553
"5",FALSE,"PT",FALSE,FALSE,FALSE,NA,FALSE,FALSE,0,7,5,1.52121367272762,2.43817228517118,1.92272479965811,2.87230192219728
"6",FALSE,"PT",FALSE,FALSE,FALSE,NA,FALSE,FALSE,0,7,6,2.10438789263393,3.42644144531178,3.20073109175355,5.38315705966759
"7",FALSE,"PT",FALSE,FALSE,FALSE,NA,FALSE,FALSE,0,7,7,2.49006043041641,6.23788852810286,4.66233463616315,6.1272133760302
